title,rating,review,date,username,helpfulness,cluster
7 years later,10.0,"Sometimes I just need to see the start. Or end. Or a trailer. Or the music and theme from Hans Zimmer. Or the whole movie. Just to feel that thing, I only get from this movie. That the earth, space and time are something special, mystical. I never forget the first time I saw this movie, in an IMAX theatre in 2014. I was struck by it. Totally got me. And it stil does, 7 years later. This is the best movie ever made for me. Because of the feeling it gives me, no other movie can. So hard to get all of this emotion in only one movie. Brilliant.","Oct 29, 2021",ravesch-83770,0,1
I waited 5 years to watch it again,10.0,After watching this insane movie in the theatres back in 2014 I swore to god I will wait 5 years to watch it again so I get to forget it and experince the insanity it has again This without doubt is THE BEST MOVIE EVER MADE,"Jun 26, 2019",Ksa-2010,0,1
Out of this world,10.0,"A lot has been said and written about Interstellar. You can obviously take apart any movie that is out there. You'll either love this one or you won't. I kind of would have loved to have watched this on an IMAX screen, the sheer scope of the whole thing. It's just amazing, what Nolan has put on screen here. It's not only the visual experience (there is no 3D here by the way), it's the story/ride you take with it. It might be clear to some earlier than to others, where it's heading (no pun intended), but it doesn't change the fact that it's beautiful ... and terrifying at the same time.\n\nGoing out and saying this will be considered a classic, might not be too far stretched, but you still can never predict those things. The deserved love the movie gets on IMDb and other places would be an indicator that this will ring true though. The acting is really good, but I can understand if some people have issues with the ending. But the movie had to end in one way or another. It's the best possible way this could go, even if it's not in our grasps just yet ...","May 31, 2015",kosmasp,0,1
Masterpiece,10.0,"Amongst the best movies of all time. The story, the acting, the script, the cinematography, the effects, the sound and the production as a whole is all absolute 10/10's.\n\nBut what beats all of that is Hans Zimmers compositions. How he continues to churn out perfection to the senses is mindblowing.","May 8, 2022",e-jackson1985,0,1
A visual and auditory marvel,10.0,"Interstellar is a movie like no other. Unlike many apocalyptic sci-fi films that feature advanced technology as the source of our destruction (ala The Terminator movies), it instead asserts that technology will save us.\n\nNot everyone in Interstellar recognizes the potential of advanced technology. Most dismiss it as a waste of time and resources, and not just old curmudgeons feel this way. Thoughtful, intelligent young characters share this sentiment. This belief gained steam following a world-wide blight that wiped out the vast majority of life on earthâ€”crops and humans.\n\nFarming became paramount while advanced technology was deemed frivolous. Cooper (McConaughey) remains one of the few survivors who still appreciates the need for engineering. He feels like a man lost in time, until he stumbles into the headquarters of NASA (which had been operating in secret due to public disapproval). Here he meets others who realize that a return to our old ways is unsustainable and will ultimately lead to our demise. We need technology to save us. As Michael Caine, playing the brilliant (duh!) Professor Brand, eloquently tells Cooper, ""we were never meant to save the world. We were meant to leave it."" For a movie that won an Oscar for Best Visual Effects (and deservedly so) the sound stole the show. Hans Zimmer (Dark Knight Trilogy) unleashed a performance that was, quite appropriately, out of this world. Never have I seen a movie elevated so much by its score. The sound literally took my breath away. Forgive me for the next paragraph. I will gush irresponsibly about the magic that is this movie's sound. Skip it if you please. You have your warning.\n\nThe music fueled every important scene. In every meaningful moment Zimmer's harmonies captivated watchers' attention in the way of a coach commanding a locker room with a pregame speech. The music elucidated those emotional scenes, particularly ones featuring Cooper and his daughter, in a way that no words or visual ques possibly could. I sat frozen, jaw agape, with tears pouring down my cheeks as the music completely overwhelmed my emotions. The sound penetrated my soul and reverberated through my body, flowing to my appendages, supplying me with life like a heartbeat pumping blood through my veins. The music was truly the life force of movie.\n\nYes, we all witnessed a visual triumph, a daring creative wonder the likes of which we haven't encountered since Inception. Yes, nearly every actor's performance proved worthy of commendation. McConaughey is on fire. Chastain is blossoming into a star. At this point Michael Cain exudes such knowledge and wisdom by merely appearing on screen that if he were cast as Albert Einstein, people would wonder if the role were beneath him. All this considered, and the sound still towered over everything.\n\nI walked out of the theater believing that I had experienced something unique, something truly special. Interstellar inspires, it awes, and above all it entertains. I cannot ask for more than that.","Apr 13, 2016",Jared_Andrews,0,2
It's 2025 and I'm here sobbing after re-watching this masterpiece,10.0,"I think of movies as an art form that evokes emotions in us, homo sapiens. Interstellar is one of those rare pieces of art that stirs the deepest, unexplainable feelings about what it means to be alive-aware of our temporary existence yet capable of imagining beyond time, into the infinite. Its exploration of love, sacrifice, and the unknown feels profoundly human, connecting us to something greater. The visuals are breathtaking, the score is hauntingly beautiful, and the story resonates on an emotional and philosophical level. This movie made me cry, not just for its sadness, but for its sheer, overwhelming beauty.","Jan 2, 2025",the_danny,0,1
Best movie I have seen in my life,10.0,"This movie was the best written, acted, visual effected, etc. movie. This movie was the best movie I have ever seen. I am a huge Christopher Nolan fan and this movie was his finest. Matthew McConaughey turned in his best performance of his lifetime. Anne Hathaway was an amazing supporting actress and compared to her performance in Les Miserables, I have no idea how she didn't get an Oscar for this. The visual effects were more than just Oscar worthy. They were pioneering. I have never seen anything like it. One thing I would recommend is having a little previous knowledge about space. Not like Einstein stuff though. I would recommend you see this movie as fast as you can if you are a Nolan fan or not. I give this movie a rating of 97 out of 100.","Apr 8, 2015",Patterson13,0,1
Possibly the best movie of all time,,"I think just about everything has been said about this film now. But, I can still tell you what this masterpiece is to me. To me, this movie is possibly the most relevant movie ever, because it questions our own humanity relative to the Universe. Whether that's our ability to love, think, or persevere and walk into the unknown. We are explorers, and curious at heart. This untameable curiosity is not our end, but our beginning. It is what advanced this civilization and it will continue to do so. So never, never let anybody tell you that we shouldn't look towards the stars and wonder, because that's what makes us human. Without this stargazing we are merely animals, accepting our fate in the dust...","Apr 6, 2021",theoledoux,0,1
Excellent Movie,10.0,,"Apr 6, 2015",frank-ancestor-hunter,0,0
Masterpiece,10.0,A science-fiction masterpiece. Nolan executes a marvelous direction that slowly but efficiently puts in place a dark world creating a necessity to save humanity. Add to that great performances from Nolan and Hathaway plus a great score from Hans Zimmer. The result is on the best science-fiction movies of all time.,"Jun 25, 2022",aheaven2005,0,1
A good - not great - movie that falls apart the more you think about it.,7.0,(Critical review discussing the lack of oversight...),"Nov 7, 2014",shawneofthedead,0,0
The best film I have ever seen,10.0,All is amazing. I can't describe anything. It's a film that leads you to think about yourself...,"Apr 17, 2019",fontenlabrador,0,1
"Unmatched visuals and writing, yet sentimentalist",6.0,I will keep this short...,"Oct 29, 2014",gonzaloltovilla,0,0
Disappointing,5.0,Interstellar is supposed to be a film exploring Einstein's relativity theory...,"Nov 11, 2014",rubenm,0,1
Glad i didn't watch the trailer,10.0,Seldom do i get the chance...,"Dec 14, 2015",christopher-stiedl,0,0
Epic in every way!,10.0,Just watched Interstellar in imax 70mm...,"Nov 4, 2014",sanjay219,0,1
A movie made for me,10.0,The most amazing thing about this movie is its pioneering spirit...,"Nov 11, 2014",petermail,0,1
Absolutely incredible; truly a must-watch,10.0,It's difficult to put into words how powerful this film is...,"Jan 14, 2023",zivshechtman,0,1
Fascinating Film,10.0,The earth is plagued with droughts...,"Nov 15, 2020",Tera-Jones,0,2
What a massive disappointment,6.0,,"Nov 13, 2014",Balthazar-5,0,0
Mankind Achievement,10.0,THIS IS A MANKIND ACHIEVEMENT.,"Oct 6, 2019",AhmadAlRubaie84,0,0
Pretty Pictures do not make up for the lack of story,6.0,You would think the story is adventurous...,"May 20, 2015",craig-340-777546,0,0
